> æœ‰2å¼ è¡¨,userå’Œuser_challenge,å…³è”å­—æ®µuser_idã€‚userå·¦è¿žæŽ¥user_challengeä»Žæ“ä½œå¦‚ä¸‹ï¼š

mysql> desc user;
+----------+-------------+------+-----+---------+-------+
| Field    | Type        | Null | Key | Default | Extra |
+----------+-------------+------+-----+---------+-------+
| id       | int(50)     | NO   | PRI | NULL    |       |
| username | varchar(50) | NO   |     |         |       |
| age      | int(20)     | YES  |     | NULL    |       |
| sex      | varchar(20) | NO   |     |         |       |
+----------+-------------+------+-----+---------+-------+
4 rows in set (0.32 sec)

mysql> desc user_challenge;
+--------------+----------+------+-----+---------+-----------------------------+
| Field        | Type     | Null | Key | Default | Extra                       |
+--------------+----------+------+-----+---------+-----------------------------+
| id           | int(20)  | NO   | PRI | NULL    |                             |
| user_id      | int(20)  | NO   |     | NULL    |                             |
| challenge_id | int(20)  | NO   |     | NULL    |                             |
| reply        | text     | NO   |     | NULL    |                             |
| create_time  | datetime | NO   |     | NULL    | on update CURRENT_TIMESTAMP |
| update_tiem  | datetime | YES  |     | NULL    | on update CURRENT_TIMESTAMP |
+--------------+----------+------+-----+---------+-----------------------------+
6 rows in set (0.20 sec)

## LEFT JOIN
mysql> SELECT `user`.*, `user_challenge`.* FROM `user` LEFT JOIN `user_challenge` on `user`.id = `user_challenge`.user_id;
+----+----------+------+-----+------+---------+--------------+------------------------+---------------------+-------------+
| id | username | age  | sex | id   | user_id | challenge_id | reply                  | create_time         | update_tiem |
+----+----------+------+-----+------+---------+--------------+------------------------+---------------------+-------------+
|  1 | Jack     |   18 | man |    1 |       1 |            1 | è¿™æ˜¯å›žåº”å†…å®¹ðŸ˜           | 2019-08-30 14:43:42 | NULL        |
+----+----------+------+-----+------+---------+--------------+------------------------+---------------------+-------------+
1 row in set (0.21 sec)


å‡å°‘è¾“å‡ºå­—æ®µ
mysql> SELECT `user`.*, `user_challenge`.challenge_id FROM `user` LEFT JOIN `user_challenge` on `user`.id = `user_challenge`.user_id;
+----+----------+------+-----+--------------+
| id | username | age  | sex | challenge_id |
+----+----------+------+-----+--------------+
|  1 | Jack     |   18 | man |            1 |
+----+----------+------+-----+--------------+
1 row in set (2.03 sec)

